Pokemon,Form,hp,attack,defense,specialAttack,specialDefense,speed
Bulbasaur,base,0,0,0,1,0,0
Ivysaur,base,0,0,0,1,1,0
Venusaur,base,0,0,0,2,1,0
Charmander,base,0,0,0,0,0,1
Charmeleon,base,0,0,0,1,0,1
Charizard,base,0,0,0,3,0,0
Squirtle,base,0,0,1,0,0,0
Wartortle,base,0,0,1,0,1,0
Blastoise,base,0,0,0,0,3,0
Caterpie,base,1,0,0,0,0,0
Metapod,base,0,0,2,0,0,0
Butterfree,base,0,0,0,2,1,0
Weedle,base,0,0,0,0,0,1
Kakuna,base,0,0,2,0,0,0
Beedrill,base,0,2,0,0,1,0
Pidgey,base,0,0,0,0,0,1
Pidgeotto,base,0,0,0,0,0,2
Pidgeot,base,0,0,0,0,0,3
Rattata,base,0,0,0,0,0,1
Raticate,base,0,0,0,0,0,2
Spearow,base,0,0,0,0,0,1
Fearow,base,0,0,0,0,0,2
Ekans,base,0,1,0,0,0,0
Arbok,base,0,2,0,0,0,0
Pikachu,base,0,0,0,0,0,2
Raichu,base,0,0,0,0,0,3
Sandshrew,base,0,0,1,0,0,0
Sandslash,base,0,0,2,0,0,0
Nidoranfemale,base,1,0,0,0,0,0
Nidorina,base,2,0,0,0,0,0
Nidoqueen,base,3,0,0,0,0,0
Nidoranmale,base,0,1,0,0,0,0
Nidorino,base,0,2,0,0,0,0
Nidoking,base,0,3,0,0,0,0
Clefairy,base,2,0,0,0,0,0
Clefable,base,3,0,0,0,0,0
Vulpix,base,0,0,0,0,0,1
Ninetales,base,0,0,0,0,1,1
Jigglypuff,base,2,0,0,0,0,0
Wigglytuff,base,3,0,0,0,0,0
Zubat,base,0,0,0,0,0,1
Golbat,base,0,0,0,0,0,2
Oddish,base,0,0,0,1,0,0
Gloom,base,0,0,0,2,0,0
Vileplume,base,0,0,0,3,0,0
Paras,base,0,1,0,0,0,0
Parasect,base,0,2,1,0,0,0
Venonat,base,0,0,0,0,1,0
Venomoth,base,0,0,0,1,0,1
Diglett,base,0,0,0,0,0,1
Dugtrio,base,0,0,0,0,0,2
Meowth,base,0,0,0,0,0,1
Persian,base,0,0,0,0,0,2
Psyduck,base,0,0,0,1,0,0
Golduck,base,0,0,0,2,0,0
Mankey,base,0,1,0,0,0,0
Primeape,base,0,2,0,0,0,0
Growlithe,base,0,1,0,0,0,0
Arcanine,base,0,2,0,0,0,0
Poliwag,base,0,0,0,0,0,1
Poliwhirl,base,0,0,0,0,0,2
Poliwrath,base,0,0,3,0,0,0
Abra,base,0,0,0,1,0,0
Kadabra,base,0,0,0,2,0,0
Alakazam,base,0,0,0,3,0,0
Machop,base,0,1,0,0,0,0
Machoke,base,0,2,0,0,0,0
Machamp,base,0,3,0,0,0,0
Bellsprout,base,0,1,0,0,0,0
Weepinbell,base,0,2,0,0,0,0
Victreebel,base,0,3,0,0,0,0
Tentacool,base,0,0,0,0,1,0
Tentacruel,base,0,0,0,0,2,0
Geodude,base,0,0,1,0,0,0
Graveler,base,0,0,2,0,0,0
Golem,base,0,0,3,0,0,0
Ponyta,base,0,0,0,0,0,1
Rapidash,base,0,0,0,0,0,2
Slowpoke,base,1,0,0,0,0,0
Slowbro,base,0,0,2,0,0,0
Magnemite,base,0,0,0,1,0,0
Magneton,base,0,0,0,2,0,0
Farfetchd,base,0,1,0,0,0,0
Doduo,base,0,1,0,0,0,0
Dodrio,base,0,2,0,0,0,0
Seel,base,0,0,0,0,1,0
Dewgong,base,0,0,0,0,2,0
Grimer,base,1,0,0,0,0,0
Muk,base,1,1,0,0,0,0
Shellder,base,0,0,1,0,0,0
Cloyster,base,0,0,2,0,0,0
Gastly,base,0,0,0,1,0,0
Haunter,base,0,0,0,2,0,0
Gengar,base,0,0,0,3,0,0
Onix,base,0,0,1,0,0,0
Drowzee,base,0,0,0,0,1,0
Hypno,base,0,0,0,0,2,0
Krabby,base,0,1,0,0,0,0
Kingler,base,0,2,0,0,0,0
Gholdengo,base,0,0,0,2,0,0
Wo-Chien,base,0,0,0,0,3,0
Chien-Pao,base,0,0,0,0,0,3
Ting-Lu,base,0,0,3,0,0,0
Chi-Yu,base,0,0,0,3,0,0
RoaringMoon,base,0,3,0,0,0,0
IronValiant,base,0,3,0,0,0,0
Koraidon,base,0,3,0,0,0,0
Miraidon,base,0,0,0,3,0,0
WalkingWake,base,0,0,0,3,0,0
Voltorb,base,0,0,0,0,0,1
IronLeaves,base,0,3,0,0,0,0
Dipplin,base,0,0,2,0,0,0
Poltchageist,counterfeit,0,0,0,1,0,0
Poltchageist,artisan,0,0,0,1,0,0
Sinistcha,unremarkable,0,0,0,2,0,0
Sinistcha,masterpiece,0,0,0,2,0,0
Okidogi,base,0,3,0,0,0,0
Munkidori,base,0,0,0,3,0,0
Fezandipiti,base,0,0,0,0,3,0
Ogerpon,teal,0,3,0,0,0,0
Ogerpon,wellspring,0,3,0,0,0,0
Ogerpon,hearthflame,0,3,0,0,0,0
Ogerpon,cornerstone,0,3,0,0,0,0
Archaludon,base,0,0,3,0,0,0
Hydrapple,base,0,0,0,3,0,0
Electrode,base,0,0,0,0,0,2
GougingFire,base,0,0,3,0,0,0
RagingBolt,base,0,0,0,3,0,0
IronBoulder,base,0,0,0,0,0,3
IronCrown,base,0,0,0,3,0,0
Terapagos,normal,0,0,1,0,0,0
Terapagos,terastal,0,0,2,0,2,0
Pecharunt,base,0,0,3,0,0,0
Exeggcute,base,0,0,1,0,0,0
Exeggutor,base,0,0,0,2,0,0
Cubone,base,0,0,1,0,0,0
Marowak,base,0,0,2,0,0,0
Hitmonlee,base,0,2,0,0,0,0
Hitmonchan,base,0,0,0,0,2,0
Lickitung,base,2,0,0,0,0,0
Koffing,base,0,0,1,0,0,0
Weezing,base,0,0,2,0,0,0
Rhyhorn,base,0,0,1,0,0,0
Rhydon,base,0,2,0,0,0,0
Chansey,base,2,0,0,0,0,0
Tangela,base,0,0,1,0,0,0
Kangaskhan,base,2,0,0,0,0,0
Horsea,base,0,0,0,1,0,0
Seadra,base,0,0,1,1,0,0
Goldeen,base,0,1,0,0,0,0
Seaking,base,0,2,0,0,0,0
Staryu,base,0,0,0,0,0,1
Starmie,base,0,0,0,0,0,2
MrMime,base,0,0,0,0,2,0
Scyther,base,0,1,0,0,0,0
Jynx,base,0,0,0,2,0,0
Electabuzz,base,0,0,0,0,0,2
Magmar,base,0,0,0,2,0,0
Pinsir,base,0,2,0,0,0,0
Tauros,base,0,1,0,0,0,1
Tauros,paldean_combat,0,2,0,0,0,0
Tauros,paldean_blaze,0,2,0,0,0,0
Tauros,paldean_aqua,0,2,0,0,0,0
Magikarp,base,0,0,0,0,0,1
Gyarados,base,0,2,0,0,0,0
Lapras,base,2,0,0,0,0,0
Ditto,base,1,0,0,0,0,0
Eevee,base,0,0,0,0,1,0
Vaporeon,base,2,0,0,0,0,0
Jolteon,base,0,0,0,0,0,2
Flareon,base,0,2,0,0,0,0
Porygon,base,0,0,0,1,0,0
Omanyte,base,0,0,1,0,0,0
Omastar,base,0,0,2,0,0,0
Kabuto,base,0,0,1,0,0,0
Kabutops,base,0,2,0,0,0,0
Aerodactyl,base,0,0,0,0,0,2
Snorlax,base,2,0,0,0,0,0
Articuno,base,0,0,0,0,3,0
Zapdos,base,0,0,0,3,0,0
Moltres,base,0,0,0,3,0,0
Dratini,base,0,1,0,0,0,0
Dragonair,base,0,2,0,0,0,0
Dragonite,base,0,3,0,0,0,0
Mewtwo,base,0,0,0,3,0,0
Mew,base,3,0,0,0,0,0
Chikorita,base,0,0,0,0,1,0
Bayleef,base,0,0,1,0,1,0
Meganium,base,0,0,1,0,2,0
Cyndaquil,base,0,0,0,0,0,1
Quilava,base,0,0,0,1,0,1
Typhlosion,base,0,0,0,3,0,0
Totodile,base,0,1,0,0,0,0
Croconaw,base,0,1,1,0,0,0
Feraligatr,base,0,2,1,0,0,0
Sentret,base,0,1,0,0,0,0
Furret,base,0,0,0,0,0,2
Hoothoot,base,1,0,0,0,0,0
Noctowl,base,2,0,0,0,0,0
Ledyba,base,0,0,0,0,1,0
Ledian,base,0,0,0,0,2,0
Spinarak,base,0,1,0,0,0,0
Ariados,base,0,2,0,0,0,0
Crobat,base,0,0,0,0,0,3
Chinchou,base,1,0,0,0,0,0
Lanturn,base,2,0,0,0,0,0
Pichu,base,0,0,0,0,0,1
Cleffa,base,0,0,0,0,1,0
Igglybuff,base,1,0,0,0,0,0
Togepi,base,0,0,0,0,1,0
Togetic,base,0,0,0,0,2,0
Natu,base,0,0,0,1,0,0
Xatu,base,0,0,0,1,0,1
Mareep,base,0,0,0,1,0,0
Flaaffy,base,0,0,0,2,0,0
Ampharos,base,0,0,0,3,0,0
Bellossom,base,0,0,0,0,3,0
Marill,base,2,0,0,0,0,0
Azumarill,base,3,0,0,0,0,0
Sudowoodo,base,0,0,2,0,0,0
Politoed,base,0,0,0,0,3,0
Hoppip,base,0,0,0,0,1,0
Skiploom,base,0,0,0,0,0,2
Jumpluff,base,0,0,0,0,0,3
Aipom,base,0,0,0,0,0,1
Sunkern,base,0,0,0,1,0,0
Sunflora,base,0,0,0,2,0,0
Yanma,base,0,0,0,0,0,1
Wooper,base,1,0,0,0,0,0
Wooper,paldean,1,0,0,0,0,0
Quagsire,base,2,0,0,0,0,0
Espeon,base,0,0,0,2,0,0
Umbreon,base,0,0,0,0,2,0
Murkrow,base,0,0,0,0,0,1
Slowking,base,0,0,0,0,3,0
Misdreavus,base,0,0,0,0,1,0
Unown,a,0,1,0,1,0,0
Unown,b,0,1,0,1,0,0
Unown,c,0,1,0,1,0,0
Unown,d,0,1,0,1,0,0
Unown,e,0,1,0,1,0,0
Unown,f,0,1,0,1,0,0
Unown,g,0,1,0,1,0,0
Unown,h,0,1,0,1,0,0
Unown,i,0,1,0,1,0,0
Unown,j,0,1,0,1,0,0
Unown,k,0,1,0,1,0,0
Unown,l,0,1,0,1,0,0
Unown,m,0,1,0,1,0,0
Unown,n,0,1,0,1,0,0
Unown,o,0,1,0,1,0,0
Unown,p,0,1,0,1,0,0
Unown,q,0,1,0,1,0,0
Unown,r,0,1,0,1,0,0
Unown,s,0,1,0,1,0,0
Unown,t,0,1,0,1,0,0
Unown,u,0,1,0,1,0,0
Unown,v,0,1,0,1,0,0
Unown,w,0,1,0,1,0,0
Unown,x,0,1,0,1,0,0
Unown,y,0,1,0,1,0,0
Unown,z,0,1,0,1,0,0
Unown,question,0,1,0,1,0,0
Unown,exclamation,0,1,0,1,0,0
Wobbuffet,base,2,0,0,0,0,0
Girafarig,base,0,0,0,2,0,0
Pineco,base,0,0,1,0,0,0
Forretress,base,0,0,2,0,0,0
Dunsparce,base,1,0,0,0,0,0
Gligar,base,0,0,1,0,0,0
Steelix,base,0,0,2,0,0,0
Snubbull,base,0,1,0,0,0,0
Granbull,base,0,2,0,0,0,0
Qwilfish,base,0,1,0,0,0,0
Scizor,base,0,2,0,0,0,0
Shuckle,base,0,0,1,0,1,0
Heracross,base,0,2,0,0,0,0
Sneasel,base,0,0,0,0,0,1
Teddiursa,base,0,1,0,0,0,0
Ursaring,base,0,2,0,0,0,0
Slugma,base,0,0,0,1,0,0
Magcargo,base,0,0,2,0,0,0
Swinub,base,0,1,0,0,0,0
Piloswine,base,1,1,0,0,0,0
Corsola,base,0,0,1,0,1,0
Remoraid,base,0,0,0,1,0,0
Octillery,base,0,1,0,1,0,0
Delibird,base,0,0,0,0,0,1
Mantine,base,0,0,0,0,2,0
Skarmory,base,0,0,2,0,0,0
Houndour,base,0,0,0,1,0,0
Houndoom,base,0,0,0,2,0,0
Kingdra,base,0,1,0,1,1,0
Phanpy,base,1,0,0,0,0,0
Donphan,base,0,1,1,0,0,0
Porygon2,base,0,0,0,2,0,0
Stantler,base,0,1,0,0,0,0
Smeargle,base,0,0,0,0,0,1
Tyrogue,base,0,1,0,0,0,0
Hitmontop,base,0,0,0,0,2,0
Smoochum,base,0,0,0,1,0,0
Elekid,base,0,0,0,0,0,1
Magby,base,0,0,0,0,0,1
Miltank,base,0,0,2,0,0,0
Blissey,base,3,0,0,0,0,0
Raikou,base,0,0,0,1,0,2
Entei,base,1,2,0,0,0,0
Suicune,base,0,0,1,0,2,0
Larvitar,base,0,1,0,0,0,0
Pupitar,base,0,2,0,0,0,0
Tyranitar,base,0,3,0,0,0,0
Lugia,base,0,0,0,0,3,0
Ho-Oh,base,0,0,0,0,3,0
Celebi,base,3,0,0,0,0,0
Treecko,base,0,0,0,0,0,1
Grovyle,base,0,0,0,0,0,2
Sceptile,base,0,0,0,0,0,3
Torchic,base,0,0,0,1,0,0
Combusken,base,0,1,0,1,0,0
Blaziken,base,0,3,0,0,0,0
Mudkip,base,0,1,0,0,0,0
Marshtomp,base,0,2,0,0,0,0
Swampert,base,0,3,0,0,0,0
Poochyena,base,0,1,0,0,0,0
Mightyena,base,0,2,0,0,0,0
Zigzagoon,base,0,0,0,0,0,1
Linoone,base,0,0,0,0,0,2
Wurmple,base,1,0,0,0,0,0
Silcoon,base,0,0,2,0,0,0
Beautifly,base,0,0,0,3,0,0
Cascoon,base,0,0,2,0,0,0
Dustox,base,0,0,0,0,3,0
Lotad,base,0,0,0,0,1,0
Lombre,base,0,0,0,0,2,0
Ludicolo,base,0,0,0,0,3,0
Seedot,base,0,0,1,0,0,0
Nuzleaf,base,0,2,0,0,0,0
Shiftry,base,0,3,0,0,0,0
Taillow,base,0,0,0,0,0,1
Swellow,base,0,0,0,0,0,2
Wingull,base,0,0,0,0,0,1
Pelipper,base,0,0,2,0,0,0
Ralts,base,0,0,0,1,0,0
Kirlia,base,0,0,0,2,0,0
Gardevoir,base,0,0,0,3,0,0
Surskit,base,0,0,0,0,0,1
Masquerain,base,0,0,0,1,1,0
Shroomish,base,1,0,0,0,0,0
Breloom,base,0,2,0,0,0,0
Slakoth,base,1,0,0,0,0,0
Vigoroth,base,0,0,0,0,0,2
Slaking,base,3,0,0,0,0,0
Nincada,base,0,0,1,0,0,0
Ninjask,base,0,0,0,0,0,2
Shedinja,base,2,0,0,0,0,0
Whismur,base,1,0,0,0,0,0
Loudred,base,2,0,0,0,0,0
Exploud,base,3,0,0,0,0,0
Makuhita,base,1,0,0,0,0,0
Hariyama,base,2,0,0,0,0,0
Azurill,base,1,0,0,0,0,0
Nosepass,base,0,0,1,0,0,0
Skitty,base,0,0,0,0,0,1
Delcatty,base,1,0,0,0,0,1
Sableye,base,0,1,1,0,0,0
Mawile,base,0,1,1,0,0,0
Aron,base,0,0,1,0,0,0
Lairon,base,0,0,2,0,0,0
Aggron,base,0,0,3,0,0,0
Meditite,base,0,0,0,0,0,1
Medicham,base,0,0,0,0,0,2
Electrike,base,0,0,0,0,0,1
Manectric,base,0,0,0,0,0,2
Plusle,base,0,0,0,0,0,1
Minun,base,0,0,0,0,0,1
Volbeat,base,0,0,0,0,0,1
Illumise,base,0,0,0,0,0,1
Roselia,base,0,0,0,2,0,0
Gulpin,base,1,0,0,0,0,0
Swalot,base,2,0,0,0,0,0
Carvanha,base,0,1,0,0,0,0
Sharpedo,base,0,2,0,0,0,0
Wailmer,base,1,0,0,0,0,0
Wailord,base,2,0,0,0,0,0
Numel,base,0,0,0,1,0,0
Camerupt,base,0,1,0,1,0,0
Torkoal,base,0,0,2,0,0,0
Spoink,base,0,0,0,0,1,0
Grumpig,base,0,0,0,0,2,0
Spinda,base,0,0,0,1,0,0
Trapinch,base,0,1,0,0,0,0
Vibrava,base,0,1,0,0,0,1
Flygon,base,0,1,0,0,0,2
Cacnea,base,0,0,0,1,0,0
Cacturne,base,0,1,0,1,0,0
Swablu,base,0,0,0,0,1,0
Altaria,base,0,0,0,0,2,0
Zangoose,base,0,2,0,0,0,0
Seviper,base,0,1,0,1,0,0
Lunatone,gibbous,0,0,0,2,0,0
Solrock,base,0,2,0,0,0,0
Barboach,base,1,0,0,0,0,0
Whiscash,base,2,0,0,0,0,0
Corphish,base,0,1,0,0,0,0
Crawdaunt,base,0,2,0,0,0,0
Baltoy,base,0,0,0,0,1,0
Claydol,base,0,0,0,0,2,0
Lileep,base,0,0,0,0,1,0
Cradily,base,0,0,0,0,2,0
Anorith,base,0,1,0,0,0,0
Armaldo,base,0,2,0,0,0,0
Feebas,base,0,0,0,0,0,1
Milotic,base,0,0,0,0,2,0
Castform,base,1,0,0,0,0,0
Kecleon,base,0,0,0,0,1,0
Shuppet,base,0,1,0,0,0,0
Banette,base,0,2,0,0,0,0
Duskull,base,0,0,0,0,1,0
Dusclops,base,0,0,1,0,1,0
Tropius,base,2,0,0,0,0,0
Chimecho,base,0,0,0,1,1,0
Absol,base,0,2,0,0,0,0
Wynaut,base,1,0,0,0,0,0
Snorunt,base,1,0,0,0,0,0
Glalie,base,2,0,0,0,0,0
Spheal,base,1,0,0,0,0,0
Sealeo,base,2,0,0,0,0,0
Walrein,base,3,0,0,0,0,0
Clamperl,base,0,0,1,0,0,0
Huntail,base,0,1,1,0,0,0
Gorebyss,base,0,0,0,2,0,0
Relicanth,base,1,0,1,0,0,0
Luvdisc,base,0,0,0,0,0,1
Bagon,base,0,1,0,0,0,0
Shelgon,base,0,0,2,0,0,0
Salamence,base,0,3,0,0,0,0
Beldum,base,0,0,1,0,0,0
Metang,base,0,0,2,0,0,0
Metagross,base,0,0,3,0,0,0
Regirock,base,0,0,3,0,0,0
Regice,base,0,0,0,0,3,0
Registeel,base,0,0,2,0,1,0
Latias,base,0,0,0,0,3,0
Latios,base,0,0,0,3,0,0
Kyogre,base,0,0,0,3,0,0
Groudon,base,0,3,0,0,0,0
Rayquaza,base,0,2,0,1,0,0
Jirachi,base,3,0,0,0,0,0
Deoxys,base,0,1,0,1,0,1
Turtwig,base,0,1,0,0,0,0
Grotle,base,0,1,1,0,0,0
Torterra,base,0,2,1,0,0,0
Chimchar,base,0,0,0,0,0,1
Monferno,base,0,0,0,1,0,1
Infernape,base,0,1,0,1,0,1
Piplup,base,0,0,0,1,0,0
Prinplup,base,0,0,0,2,0,0
Empoleon,base,0,0,0,3,0,0
Starly,base,0,0,0,0,0,1
Staravia,base,0,0,0,0,0,2
Staraptor,base,0,3,0,0,0,0
Bidoof,base,1,0,0,0,0,0
Bibarel,base,0,2,0,0,0,0
Kricketot,base,0,0,1,0,0,0
Kricketune,base,0,2,0,0,0,0
Shinx,base,0,1,0,0,0,0
Luxio,base,0,2,0,0,0,0
Luxray,base,0,3,0,0,0,0
Budew,base,0,0,0,1,0,0
Roserade,base,0,0,0,3,0,0
Cranidos,base,0,1,0,0,0,0
Rampardos,base,0,2,0,0,0,0
Shieldon,base,0,0,1,0,0,0
Bastiodon,base,0,0,2,0,0,0
Burmy,plant,0,0,0,0,1,0
Burmy,sandy,0,0,0,0,1,0
Burmy,trash,0,0,0,0,1,0
Wormadam,plant,0,0,0,0,2,0
Wormadam,sandy,0,0,0,0,2,0
Wormadam,trash,0,0,0,0,2,0
Mothim,base,0,1,0,1,0,0
Combee,base,0,0,0,0,0,1
Vespiquen,base,0,0,1,0,1,0
Pachirisu,base,0,0,0,0,0,1
Buizel,base,0,0,0,0,0,1
Floatzel,base,0,0,0,0,0,2
Cherubi,base,0,0,0,1,0,0
Cherrim,overcast,0,0,0,2,0,0
Shellos,east,1,0,0,0,0,0
Shellos,west,1,0,0,0,0,0
Gastrodon,east,2,0,0,0,0,0
Gastrodon,west,2,0,0,0,0,0
Ambipom,base,0,0,0,0,0,2
Drifloon,base,1,0,0,0,0,0
Drifblim,base,2,0,0,0,0,0
Buneary,base,0,0,0,0,0,1
Lopunny,base,0,0,0,0,0,2
Mismagius,base,0,0,0,1,1,0
Honchkrow,base,0,2,0,0,0,0
Glameow,base,0,0,0,0,0,1
Purugly,base,0,0,0,0,0,2
Chingling,base,0,0,0,1,0,0
Stunky,base,0,0,0,0,0,1
Skuntank,base,2,0,0,0,0,0
Bronzor,base,0,0,1,0,0,0
Bronzong,base,0,0,1,0,1,0
Bonsly,base,0,0,1,0,0,0
MimeJr,base,0,0,0,0,1,0
Happiny,base,1,0,0,0,0,0
Chatot,base,0,1,0,0,0,0
Spiritomb,base,0,0,1,0,1,0
Gible,base,0,1,0,0,0,0
Gabite,base,0,2,0,0,0,0
Garchomp,base,0,3,0,0,0,0
Munchlax,base,1,0,0,0,0,0
Riolu,base,0,1,0,0,0,0
Lucario,base,0,1,0,1,0,0
Hippopotas,base,0,0,1,0,0,0
Hippowdon,base,0,0,2,0,0,0
Skorupi,base,0,0,1,0,0,0
Drapion,base,0,0,2,0,0,0
Croagunk,base,0,1,0,0,0,0
Toxicroak,base,0,2,0,0,0,0
Carnivine,base,0,2,0,0,0,0
Finneon,base,0,0,0,0,0,1
Lumineon,base,0,0,0,0,0,2
Mantyke,base,0,0,0,0,1,0
Snover,base,0,1,0,0,0,0
Abomasnow,base,0,1,0,1,0,0
Weavile,base,0,1,0,0,0,1
Magnezone,base,0,0,0,3,0,0
Lickilicky,base,3,0,0,0,0,0
Rhyperior,base,0,3,0,0,0,0
Tangrowth,base,0,0,2,0,0,0
Electivire,base,0,3,0,0,0,0
Magmortar,base,0,0,0,3,0,0
Togekiss,base,0,0,0,2,1,0
Yanmega,base,0,2,0,0,0,0
Leafeon,base,0,0,2,0,0,0
Glaceon,base,0,0,0,2,0,0
Gliscor,base,0,0,2,0,0,0
Mamoswine,base,0,3,0,0,0,0
Porygon-Z,base,0,0,0,3,0,0
Gallade,base,0,3,0,0,0,0
Probopass,base,0,0,1,0,2,0
Dusknoir,base,0,0,1,0,2,0
Froslass,base,0,0,0,0,0,2
Rotom,base,0,0,0,1,0,1
Uxie,base,0,0,2,0,1,0
Mesprit,base,0,1,0,1,1,0
Azelf,base,0,2,0,1,0,0
Dialga,base,0,0,0,3,0,0
Dialga,origin,0,0,0,3,0,0
Palkia,base,0,0,0,3,0,0
Palkia,origin,0,0,0,3,0,0
Heatran,base,0,0,0,3,0,0
Regigigas,base,0,3,0,0,0,0
Giratina,altered,3,0,0,0,0,0
Cresselia,base,0,0,0,0,3,0
Phione,base,1,0,0,0,0,0
Manaphy,base,3,0,0,0,0,0
Darkrai,base,0,0,0,2,0,1
Shaymin,land,3,0,0,0,0,0
Arceus,base,3,0,0,0,0,0
Victini,base,3,0,0,0,0,0
Snivy,base,0,0,0,0,0,1
Servine,base,0,0,0,0,0,2
Serperior,base,0,0,0,0,0,3
Tepig,base,1,0,0,0,0,0
Pignite,base,0,2,0,0,0,0
Emboar,base,0,3,0,0,0,0
Oshawott,base,0,0,0,1,0,0
Dewott,base,0,0,0,2,0,0
Samurott,base,0,0,0,3,0,0
Samurott,hisuian,0,0,0,3,0,0
Patrat,base,0,1,0,0,0,0
Watchog,base,0,1,0,0,0,0
Lillipup,base,0,1,0,0,0,0
Herdier,base,0,2,0,0,0,0
Stoutland,base,0,3,0,0,0,0
Purrloin,base,0,0,0,0,0,1
Liepard,base,0,0,0,0,0,2
Pansage,base,0,0,0,0,0,1
Simisage,base,0,0,0,0,0,2
Pansear,base,0,0,0,0,0,1
Simisear,base,0,0,0,0,0,2
Panpour,base,0,0,0,0,0,1
Simipour,base,0,0,0,0,0,2
Munna,base,1,0,0,0,0,0
Musharna,base,2,0,0,0,0,0
Pidove,base,0,1,0,0,0,0
Tranquill,base,0,2,0,0,0,0
Unfezant,base,0,3,0,0,0,0
Blitzle,base,0,0,0,0,0,1
Zebstrika,base,0,0,0,0,0,2
Roggenrola,base,0,0,1,0,0,0
Boldore,base,0,1,1,0,0,0
Gigalith,base,0,3,0,0,0,0
Woobat,base,0,0,0,0,0,1
Swoobat,base,0,0,0,0,0,2
Drilbur,base,0,1,0,0,0,0
Excadrill,base,0,2,0,0,0,0
Audino,base,2,0,0,0,0,0
Timburr,base,0,1,0,0,0,0
Gurdurr,base,0,2,0,0,0,0
Conkeldurr,base,0,3,0,0,0,0
Tympole,base,0,0,0,0,0,1
Palpitoad,base,2,0,0,0,0,0
Seismitoad,base,3,0,0,0,0,0
Throh,base,2,0,0,0,0,0
Sawk,base,0,2,0,0,0,0
Sewaddle,base,0,0,1,0,0,0
Swadloon,base,0,0,2,0,0,0
Leavanny,base,0,3,0,0,0,0
Venipede,base,0,0,1,0,0,0
Whirlipede,base,0,0,2,0,0,0
Scolipede,base,0,0,0,0,0,3
Cottonee,base,0,0,0,0,0,1
Whimsicott,base,0,0,0,0,0,2
Petilil,base,0,0,0,1,0,0
Lilligant,base,0,0,0,2,0,0
Basculin,red,0,0,0,0,0,2
Basculin,blue,0,0,0,0,0,2
Basculin,white,0,0,0,0,0,2
Sandile,base,0,1,0,0,0,0
Krokorok,base,0,2,0,0,0,0
Krookodile,base,0,3,0,0,0,0
Darumaka,base,0,1,0,0,0,0
Darmanitan,base,0,2,0,0,0,0
Maractus,base,0,0,0,2,0,0
Dwebble,base,0,0,1,0,0,0
Crustle,base,0,0,2,0,0,0
Scraggy,base,0,1,0,0,0,0
Scrafty,base,0,0,1,0,1,0
Sigilyph,base,0,0,0,2,0,0
Yamask,base,0,0,1,0,0,0
Cofagrigus,base,0,0,2,0,0,0
Tirtouga,base,0,0,1,0,0,0
Carracosta,base,0,0,2,0,0,0
Archen,base,0,1,0,0,0,0
Archeops,base,0,2,0,0,0,0
Trubbish,base,0,0,0,0,0,1
Garbodor,base,0,2,0,0,0,0
Zorua,base,0,0,0,1,0,0
Zoroark,base,0,0,0,2,0,0
Minccino,base,0,0,0,0,0,1
Cinccino,base,0,0,0,0,0,2
Gothita,base,0,0,0,0,1,0
Gothorita,base,0,0,0,0,2,0
Gothitelle,base,0,0,0,0,3,0
Solosis,base,0,0,0,1,0,0
Duosion,base,0,0,0,2,0,0
Reuniclus,base,0,0,0,3,0,0
Ducklett,base,1,0,0,0,0,0
Swanna,base,0,0,0,0,0,2
Vanillite,base,0,0,0,1,0,0
Vanillish,base,0,0,0,2,0,0
Vanilluxe,base,0,0,0,3,0,0
Deerling,spring,0,0,0,0,0,1
Deerling,summer,0,0,0,0,0,1
Deerling,autumn,0,0,0,0,0,1
Deerling,winter,0,0,0,0,0,1
Sawsbuck,spring,0,2,0,0,0,0
Sawsbuck,summer,0,2,0,0,0,0
Sawsbuck,autumn,0,2,0,0,0,0
Sawsbuck,winter,0,2,0,0,0,0
Emolga,base,0,0,0,0,0,2
Karrablast,base,0,1,0,0,0,0
Escavalier,base,0,2,0,0,0,0
Foongus,base,1,0,0,0,0,0
Amoonguss,base,2,0,0,0,0,0
Frillish,base,0,0,0,0,1,0
Jellicent,base,0,0,0,0,2,0
Alomomola,base,2,0,0,0,0,0
Joltik,base,0,0,0,0,0,1
Galvantula,base,0,0,0,0,0,2
Ferroseed,base,0,0,1,0,0,0
Ferrothorn,base,0,0,2,0,0,0
Klink,base,0,0,1,0,0,0
Klang,base,0,0,2,0,0,0
Klinklang,base,0,0,3,0,0,0
Tynamo,base,0,0,0,0,0,1
Eelektrik,base,0,2,0,0,0,0
Eelektross,base,0,3,0,0,0,0
Elgyem,base,0,0,0,1,0,0
Beheeyem,base,0,0,0,2,0,0
Litwick,base,0,0,0,1,0,0
Lampent,base,0,0,0,2,0,0
Chandelure,base,0,0,0,3,0,0
Axew,base,0,1,0,0,0,0
Fraxure,base,0,2,0,0,0,0
Haxorus,base,0,3,0,0,0,0
Cubchoo,base,0,1,0,0,0,0
Beartic,base,0,2,0,0,0,0
Cryogonal,base,0,0,0,0,2,0
Shelmet,base,0,0,1,0,0,0
Accelgor,base,0,0,0,0,0,2
Stunfisk,base,2,0,0,0,0,0
Mienfoo,base,0,1,0,0,0,0
Mienshao,base,0,2,0,0,0,0
Druddigon,base,0,2,0,0,0,0
Golett,base,0,1,0,0,0,0
Golurk,base,0,2,0,0,0,0
Pawniard,base,0,1,0,0,0,0
Bisharp,base,0,2,0,0,0,0
Bouffalant,base,0,2,0,0,0,0
Rufflet,base,0,1,0,0,0,0
Braviary,base,0,2,0,0,0,0
Braviary,hisuian,0,2,0,0,0,0
Vullaby,base,0,0,1,0,0,0
Mandibuzz,base,0,0,0,2,0,0
Heatmor,base,0,0,0,2,0,0
Durant,base,0,0,2,0,0,0
Deino,base,0,1,0,0,0,0
Zweilous,base,0,2,0,0,0,0
Hydreigon,base,0,0,0,3,0,0
Larvesta,base,0,1,0,0,0,0
Volcarona,base,0,0,0,3,0,0
Cobalion,base,0,0,3,0,0,0
Terrakion,base,0,3,0,0,0,0
Virizion,base,0,0,0,0,3,0
Tornadus,incarnate,0,3,0,0,0,0
Tornadus,therian,0,0,0,0,0,3
Thundurus,incarnate,0,3,0,0,0,0
Thundurus,therian,0,0,0,3,0,0
Reshiram,base,0,0,0,3,0,0
Zekrom,base,0,3,0,0,0,0
Landorus,incarnate,0,0,0,3,0,0
Landorus,therian,0,3,0,0,0,0
Kyurem,base,1,1,0,1,0,0
Kyurem,black,0,3,0,0,0,0
Kyurem,white,0,0,0,3,0,0
Keldeo,ordinary,0,0,0,3,0,0
Meloetta,aria,0,0,0,1,1,1
Genesect,base,0,1,0,1,0,1
Chespin,base,0,0,1,0,0,0
Quilladin,base,0,0,2,0,0,0
Chesnaught,base,0,0,3,0,0,0
Fennekin,base,0,0,0,1,0,0
Braixen,base,0,0,0,2,0,0
Delphox,base,0,0,0,3,0,0
Froakie,base,0,0,0,0,0,1
Frogadier,base,0,0,0,0,0,2
Greninja,base,0,0,0,0,0,3
Bunnelby,base,0,0,0,0,0,1
Diggersby,base,0,2,0,0,0,0
Fletchling,base,0,0,0,0,0,1
Fletchinder,base,0,0,0,0,0,2
Talonflame,base,0,0,0,0,0,3
Scatterbug,base,0,0,1,0,0,0
Spewpa,base,0,0,2,0,0,0
Vivillon,base,1,0,0,1,0,1
Litleo,base,0,0,0,1,0,0
Pyroar,base,0,0,0,2,0,0
Flabebe,base,0,0,0,0,1,0
Floette,base,0,0,0,0,2,0
Florges,base,0,0,0,0,3,0
Skiddo,base,1,0,0,0,0,0
Gogoat,base,2,0,0,0,0,0
Pancham,base,0,1,0,0,0,0
Pangoro,base,0,2,0,0,0,0
Furfrou,natural,0,0,0,0,0,1
Furfrou,dandy,0,0,0,0,0,1
Furfrou,debutante,0,0,0,0,0,1
Furfrou,heart,0,0,0,0,0,1
Furfrou,matron,0,0,0,0,0,1
Furfrou,star,0,0,0,0,0,1
Espurr,base,0,0,0,0,0,1
Meowstic,base,0,0,0,0,0,2
Honedge,base,0,0,1,0,0,0
Doublade,base,0,0,2,0,0,0
Aegislash,shield,0,0,2,0,1,0
Spritzee,base,1,0,0,0,0,0
Aromatisse,base,2,0,0,0,0,0
Swirlix,base,0,0,1,0,0,0
Slurpuff,base,0,0,2,0,0,0
Inkay,base,0,1,0,0,0,0
Malamar,base,0,2,0,0,0,0
Binacle,base,0,1,0,0,0,0
Barbaracle,base,0,2,0,0,0,0
Skrelp,base,0,0,0,0,1,0
Dragalge,base,0,0,0,0,2,0
Clauncher,base,0,0,0,1,0,0
Clawitzer,base,0,0,0,2,0,0
Helioptile,base,0,0,0,0,0,1
Heliolisk,base,0,0,0,1,0,1
Tyrunt,base,0,1,0,0,0,0
Tyrantrum,base,0,2,0,0,0,0
Amaura,base,1,0,0,0,0,0
Aurorus,base,2,0,0,0,0,0
Sylveon,base,0,0,0,0,2,0
Hawlucha,base,0,2,0,0,0,0
Dedenne,base,0,0,0,0,0,2
Carbink,base,0,0,1,0,1,0
Goomy,base,0,0,0,0,1,0
Sliggoo,base,0,0,0,0,2,0
Sliggoo,hisuian,0,0,0,0,2,0
Goodra,base,0,0,0,0,3,0
Goodra,hisuian,0,0,0,0,2,0
Klefki,base,0,0,1,0,0,0
Phantump,base,0,1,0,0,0,0
Trevenant,base,0,2,0,0,0,0
Pumpkaboo,base,0,0,1,0,0,0
Gourgeist,base,0,0,2,0,0,0
Bergmite,base,0,0,1,0,0,0
Avalugg,base,0,0,2,0,0,0
Noibat,base,0,0,0,0,0,1
Noivern,base,0,0,0,0,0,2
Xerneas,neutral,3,0,0,0,0,0
Yveltal,base,3,0,0,0,0,0
Zygarde,fifty_percent,3,0,0,0,0,0
Diancie,base,0,0,1,0,2,0
Hoopa,confined,0,0,0,3,0,0
Volcanion,base,0,0,0,3,0,0
Rowlet,base,1,0,0,0,0,0
Dartrix,base,2,0,0,0,0,0
Decidueye,base,0,3,0,0,0,0
Decidueye,hisuian,0,3,0,0,0,0
Litten,base,0,0,0,0,0,1
Torracat,base,0,0,0,0,0,2
Incineroar,base,0,3,0,0,0,0
Popplio,base,0,0,0,1,0,0
Brionne,base,0,0,0,2,0,0
Primarina,base,0,0,0,3,0,0
Pikipek,base,0,1,0,0,0,0
Trumbeak,base,0,2,0,0,0,0
Toucannon,base,0,3,0,0,0,0
Yungoos,base,0,1,0,0,0,0
Gumshoos,base,0,2,0,0,0,0
Grubbin,base,0,1,0,0,0,0
Charjabug,base,0,0,2,0,0,0
Vikavolt,base,0,0,0,3,0,0
Crabrawler,base,0,1,0,0,0,0
Crabominable,base,0,2,0,0,0,0
Oricorio,baile,0,0,0,2,0,0
Oricorio,pompom,0,0,0,2,0,0
Oricorio,pau,0,0,0,2,0,0
Oricorio,sensu,0,0,0,2,0,0
Cutiefly,base,0,0,0,0,0,1
Ribombee,base,0,0,0,0,0,2
Rockruff,base,0,1,0,0,0,0
Lycanroc,midday,0,2,0,0,0,0
Lycanroc,midnight,0,2,0,0,0,0
Wishiwashi,solo,1,0,0,0,0,0
Mareanie,base,0,0,1,0,0,0
Toxapex,base,0,0,2,0,0,0
Mudbray,base,0,1,0,0,0,0
Mudsdale,base,0,2,0,0,0,0
Dewpider,base,0,0,0,0,1,0
Araquanid,base,0,0,0,0,2,0
Fomantis,base,0,1,0,0,0,0
Lurantis,base,0,2,0,0,0,0
Morelull,base,0,0,0,0,1,0
Shiinotic,base,0,0,0,0,2,0
Salandit,base,0,0,0,0,0,1
Salazzle,base,0,0,0,0,0,2
Stufful,base,0,1,0,0,0,0
Bewear,base,0,2,0,0,0,0
Bounsweet,base,1,0,0,0,0,0
Steenee,base,0,0,0,0,0,2
Tsareena,base,0,3,0,0,0,0
Comfey,base,0,0,0,0,2,0
Oranguru,base,0,0,0,0,2,0
Passimian,base,0,2,0,0,0,0
Wimpod,base,0,0,0,0,0,1
Golisopod,base,0,0,2,0,0,0
Sandygast,base,0,0,1,0,0,0
Palossand,base,0,0,2,0,0,0
Pyukumuku,base,0,0,0,0,2,0
TypeNull,base,2,0,0,0,0,0
Silvally,base,3,0,0,0,0,0
Minior,meteor,0,1,0,1,0,0
Komala,base,0,2,0,0,0,0
Turtonator,base,0,0,2,0,0,0
Togedemaru,base,0,2,0,0,0,0
Mimikyu,disguised,0,0,0,0,2,0
Bruxish,base,0,2,0,0,0,0
Drampa,base,0,0,0,2,0,0
Dhelmise,base,0,2,0,0,0,0
Jangmo-o,base,0,0,1,0,0,0
Hakamo-o,base,0,0,2,0,0,0
Kommo-o,base,0,0,3,0,0,0
TapuKoko,base,0,0,0,0,0,3
TapuLele,base,0,0,0,3,0,0
TapuBulu,base,0,3,0,0,0,0
TapuFini,base,0,0,0,0,3,0
Cosmog,base,1,0,0,0,0,0
Cosmoem,base,0,0,1,0,1,0
Solgaleo,base,0,3,0,0,0,0
Lunala,base,0,0,0,3,0,0
Nihilego,base,0,0,0,0,3,0
Buzzwole,base,0,1,2,0,0,0
Pheromosa,base,0,0,0,0,0,3
Xurkitree,base,0,0,0,3,0,0
Celesteela,base,0,1,1,1,0,0
Kartana,base,0,3,0,0,0,0
Guzzlord,base,3,0,0,0,0,0
Necrozma,base,0,1,0,2,0,0
Necrozma,dusk,0,3,0,0,0,0
Necrozma,dawn,0,0,0,3,0,0
Necrozma,ultra,0,1,0,1,0,1
Magearna,base,0,0,0,3,0,0
Marshadow,base,0,2,0,0,0,1
Poipole,base,0,0,0,0,0,1
Naganadel,base,0,0,0,3,0,0
Stakataka,base,0,0,3,0,0,0
Blacephalon,base,0,0,0,3,0,0
Zeraora,base,0,0,0,0,0,3
Meltan,base,0,1,0,0,0,0
Melmetal,base,0,3,0,0,0,0
Grookey,base,0,0,0,0,1,0
Thwackey,base,0,0,0,0,2,0
Rillaboom,base,0,3,0,0,0,0
Scorbunny,base,0,0,0,0,0,1
Raboot,base,0,0,0,0,0,2
Cinderace,base,0,0,0,0,0,3
Sobble,base,0,0,0,0,1,1
Drizzile,base,0,0,0,2,0,0
Inteleon,base,0,0,0,0,0,3
Skwovet,base,1,0,0,0,0,0
Greedent,base,2,0,0,0,0,0
Rookidee,base,0,0,0,0,0,1
Corvisquire,base,0,0,0,0,0,2
Corviknight,base,0,0,3,0,0,0
Blipbug,base,0,0,0,0,1,0
Dottler,base,0,0,0,0,2,0
Orbeetle,base,0,0,0,0,3,0
Nickit,base,0,0,0,0,1,0
Thievul,base,0,0,0,0,2,0
Gossifleur,base,0,0,0,0,1,0
Eldegoss,base,0,0,0,0,2,0
Wooloo,base,0,0,1,0,0,0
Dubwool,base,0,0,2,0,0,0
Chewtle,base,0,1,0,0,0,0
Drednaw,base,0,2,0,0,0,0
Yamper,base,1,0,0,0,0,0
Boltund,base,0,0,0,0,0,2
Rolycoly,base,0,0,1,0,0,0
Carkol,base,0,0,2,0,0,0
Coalossal,base,0,0,3,0,0,0
Applin,base,0,0,1,0,0,0
Flapple,base,0,2,0,0,0,0
Appletun,base,2,0,0,0,0,0
Silicobra,base,0,0,1,0,0,0
Sandaconda,base,0,0,2,0,0,0
Cramorant,base,0,0,0,0,2,0
Cramorant,gulping,0,0,0,0,2,0
Arrokuda,base,0,0,0,0,0,1
Barraskewda,base,0,0,0,0,0,2
Toxel,base,0,0,0,1,0,0
Toxtricity,amped,0,0,0,2,0,0
Toxtricity,lowkey,0,0,0,2,0,0
Sizzlipede,base,0,1,0,0,0,0
Centiskorch,base,0,2,0,0,0,0
Clobbopus,base,0,1,0,0,0,0
Grapploct,base,0,2,0,0,0,0
Sinistea,phony,0,0,0,1,0,0
Sinistea,antique,0,0,0,1,0,0
Polteageist,phony,0,0,0,2,0,0
Polteageist,antique,0,0,0,2,0,0
Hatenna,base,0,0,0,1,0,0
Hattrem,base,0,0,0,2,0,0
Hatterene,base,0,0,0,3,0,0
Impidimp,base,0,0,0,1,0,0
Morgrem,base,0,0,0,2,0,0
Grimmsnarl,base,0,3,0,0,0,0
Obstagoon,base,0,0,3,0,0,0
Perrserker,base,0,2,0,0,0,0
Cursola,base,0,0,0,2,0,0
Sirfetchd,base,0,2,0,0,0,0
MrRime,base,0,0,0,3,0,0
Runerigus,base,0,0,2,0,0,0
Milcery,base,0,0,0,0,1,0
Alcremie,base,0,0,0,0,2,0
Falinks,base,0,2,0,0,1,0
Pincurchin,base,0,2,0,0,0,0
Snom,base,0,0,0,1,0,0
Frosmoth,base,0,0,0,2,0,0
Stonjourner,base,0,0,2,0,0,0
Eiscue,ice_face,0,0,2,0,0,0
Indeedee,male,0,0,0,2,0,0
Morpeko,fullbelly,0,0,0,0,0,2
Cufant,base,0,1,0,0,0,0
Copperajah,base,0,2,0,0,0,0
Dracozolt,base,0,2,0,0,0,0
Arctozolt,base,0,2,0,0,0,0
Dracovish,base,0,0,2,0,0,0
Arctovish,base,0,0,2,0,0,0
Duraludon,base,0,0,0,2,0,0
Dreepy,base,0,0,0,0,0,1
Drakloak,base,0,0,0,0,0,2
Dragapult,base,0,0,0,0,0,3
Zacian,hero,0,0,0,0,0,3
Zamazenta,hero,0,0,0,0,0,3
Eternatus,ordinary,3,0,0,0,0,0
Kubfu,base,0,1,0,0,0,0
Urshifu,singlestrike,0,3,0,0,0,0
Zarude,base,0,3,0,0,0,0
Regieleki,base,0,0,0,0,0,3
Regidrago,base,3,0,0,0,0,0
Glastrier,base,0,3,0,0,0,0
Spectrier,base,0,0,0,3,0,0
Calyrex,base,3,0,0,0,0,0
Calyrex,icerider,0,3,0,0,0,0
Calyrex,shadowrider,0,0,0,3,0,0
Wyrdeer,base,0,1,0,1,0,0
Kleavor,base,0,3,0,0,0,0
Ursaluna,base,0,3,0,0,0,0
Ursaluna,bloodmoon,0,0,0,3,0,0
Basculegion,male,3,0,0,0,0,0
Sneasler,base,0,2,0,0,0,0
Overqwil,base,0,2,0,0,0,0
Enamorus,incarnate,0,0,0,3,0,0
Sprigatito,base,0,0,0,0,0,1
Floragato,base,0,0,0,0,0,2
Meowscarada,base,0,0,0,0,0,3
Fuecoco,base,1,0,0,0,0,0
Crocalor,base,0,0,0,2,0,0
Skeledirge,base,0,0,0,3,0,0
Quaxly,base,0,1,0,0,0,0
Quaxwell,base,0,2,0,0,0,0
Quaquaval,base,0,3,0,0,0,0
Lechonk,base,1,0,0,0,0,0
Oinkologne,male,2,0,0,0,0,0
Tarountula,base,0,0,1,0,0,0
Spidops,base,0,0,2,0,0,0
Nymble,base,0,1,0,0,0,0
Lokix,base,0,2,0,0,0,0
Pawmi,base,0,0,0,0,0,1
Pawmo,base,0,0,0,0,0,2
Pawmot,base,0,3,0,0,0,0
Tandemaus,base,0,0,0,0,0,1
Maushold,family_four,0,0,0,0,0,2
Fidough,base,0,0,0,0,0,1
Dachsbun,base,0,0,0,0,0,2
Smoliv,base,0,0,0,1,0,0
Dolliv,base,0,0,0,2,0,0
Arboliva,base,0,0,0,3,0,0
Squawkabilly,green,0,1,0,0,0,0
Nacli,base,0,0,1,0,0,0
Naclstack,base,0,0,2,0,0,0
Garganacl,base,0,0,3,0,0,0
Charcadet,base,0,0,0,1,0,0
Armarouge,base,0,0,0,2,0,0
Ceruledge,base,0,2,0,0,0,0
Tadbulb,base,1,0,0,0,0,0
Bellibolt,base,2,0,0,0,0,0
Wattrel,base,0,0,0,0,0,1
Kilowattrel,base,0,0,0,0,0,2
Maschiff,base,0,1,0,0,0,0
Mabosstiff,base,0,2,0,0,0,0
Shroodle,base,0,0,0,0,0,1
Grafaiai,base,0,0,0,0,0,2
Bramblin,base,0,1,0,0,0,0
Brambleghast,base,0,2,0,0,0,0
Toedscool,base,0,0,0,0,1,0
Toedscruel,base,0,0,0,0,2,0
Klawf,base,0,0,2,0,0,0
Capsakid,base,0,1,0,0,0,0
Scovillain,base,0,2,0,0,0,0
Rellor,base,0,0,1,0,0,0
Rabsca,base,0,0,0,2,0,0
Flittle,base,0,0,0,0,0,1
Espathra,base,0,0,0,0,0,2
Tinkatink,base,0,0,0,0,1,0
Tinkatuff,base,0,0,0,0,2,0
Tinkaton,base,0,0,0,0,3,0
Wiglett,base,0,0,0,0,0,1
Wugtrio,base,0,0,0,0,0,2
Bombirdier,base,0,2,0,0,0,0
Finizen,base,0,0,0,0,0,1
Palafin,zero,2,0,0,0,0,0
Varoom,base,0,1,0,0,0,0
Revavroom,base,0,2,0,0,0,0
Cyclizar,base,0,0,0,0,0,2
Orthworm,base,0,0,2,0,0,0
Glimmet,base,0,0,0,1,0,0
Glimmora,base,0,0,0,2,0,0
Greavard,base,0,1,0,0,0,0
Houndstone,base,0,2,0,0,0,0
Flamigo,base,0,2,0,0,0,0
Cetoddle,base,1,0,0,0,0,0
Cetitan,base,2,0,0,0,0,0
Veluza,base,0,2,0,0,0,0
Dondozo,base,3,0,0,0,0,0
Tatsugiri,curly,0,0,0,2,0,0
Annihilape,base,0,3,0,0,0,0
Clodsire,base,2,0,0,0,0,0
Farigiraf,base,3,0,0,0,0,0
Dudunsparce,two_segment,2,0,0,0,0,0
Kingambit,base,0,3,0,0,0,0
GreatTusk,base,0,3,0,0,0,0
ScreamTail,base,3,0,0,0,0,0
BruteBonnet,base,0,3,0,0,0,0
FlutterMane,base,0,0,0,1,1,1
SlitherWing,base,0,3,0,0,0,0
SandyShocks,base,0,0,0,3,0,0
IronTreads,base,0,0,3,0,0,0
IronBundle,base,0,0,0,0,0,3
IronHands,base,0,3,0,0,0,0
IronJugulis,base,0,0,0,3,0,0
IronMoth,base,0,0,0,3,0,0
IronThorns,base,0,3,0,0,0,0
Frigibax,base,0,1,0,0,0,0
Arctibax,base,0,2,0,0,0,0
Baxcalibur,base,0,3,0,0,0,0
Gimmighoul,chest,0,0,0,1,0,0
